{
  "filesystem_blocks": {
    "block_4096": {
      "mean": 24.767275608610362,
      "stdev": 12.193859448749212,
      "cv": 0.4923375360877402
    },
    "block_8192": {
      "mean": 19.661164066443842,
      "stdev": 10.812046666389785,
      "cv": 0.5499189483313937
    },
    "block_16384": {
      "mean": 95.6314222033446,
      "stdev": 1582.267217471341,
      "cv": 16.545474081802404
    }
  },
  "cache_effects": {
    "cold_cache": {
      "mean": 51.62526067579165,
      "cv": 2.2522842839562407
    },
    "warm_cache": {
      "mean": 29.486932035069913,
      "cv": 0.13342585659197723
    }
  },
  "access_patterns": {
    "sequential": {
      "mean": 14.577641384676099,
      "cv": 0.2727117379652322
    },
    "random": {
      "mean": 14.420878782402724,
      "cv": 0.2815650874253931
    }
  },
  "directory_structure": {
    "flat": {
      "mean": 15.818470856174827,
      "cv": 0.6115734451019481
    },
    "hierarchical": {
      "mean": 13.990980805829167,
      "cv": 0.141913398517069
    }
  },
  "system_state": {
    "idle": {
      "mean": 39.26713950932026,
      "cv": 0.4457690311813331,
      "system_state": {
        "cpu_percent": 46.1,
        "memory_percent": 73.0,
        "disk_io": {
          "read_count": 34424275,
          "write_count": 39959543,
          "read_bytes": 445673799680,
          "write_bytes": 436609966080,
          "read_time": 9457380,
          "write_time": 2955789
        },
        "load_average": [
          4.3603515625,
          4.8154296875,
          4.82421875
        ]
      }
    },
    "loaded": {
      "mean": 41365.311697591096,
      "cv": 0.29226646136678236,
      "system_state": {
        "cpu_percent": 41.8,
        "memory_percent": 72.4,
        "disk_io": {
          "read_count": 34426846,
          "write_count": 39960144,
          "read_bytes": 445777219584,
          "write_bytes": 436613906432,
          "read_time": 9458608,
          "write_time": 2955805
        },
        "load_average": [
          4.4912109375,
          4.8349609375,
          4.8310546875
        ]
      }
    }
  },
  "storage_device": {
    "device_info": {
      "total_gb": 926.3517189025879,
      "free_gb": 727.0771446228027,
      "used_percent": 1.1312978806469156
    },
    "size_1024": {
      "mean": 18.929951183963567,
      "cv": 0.6890036549397437
    },
    "size_4096": {
      "mean": 17.196005404305954,
      "cv": 0.2883780782283768
    },
    "size_16384": {
      "mean": 16.20739281255131,
      "cv": 0.3184223462392491
    },
    "size_65536": {
      "mean": 14.811133538993696,
      "cv": 0.2744566348161314
    }
  }
}