{
  "timestamp": 1748815742.3190851,
  "layer_results": {
    "1": {
      "mean": 22.254336767622995,
      "std": 20.143934793399023,
      "cv": 0.905168956673006,
      "count": 180
    },
    "2": {
      "mean": 16.955950478505756,
      "std": 3.2199793963417207,
      "cv": 0.18990261857768068,
      "count": 180
    },
    "3": {
      "mean": 24.755511549301445,
      "std": 22.966647413398444,
      "cv": 0.927738752950412,
      "count": 180
    },
    "4": {
      "mean": 17.088133608922362,
      "std": 8.415766860144911,
      "cv": 0.4924918690798813,
      "count": 180
    },
    "5": {
      "mean": 22.325166113053758,
      "std": 33.37436511587929,
      "cv": 1.494921244790423,
      "count": 180
    },
    "6": {
      "mean": 21.135567739191984,
      "std": 42.149671456384674,
      "cv": 1.9942530986866247,
      "count": 180
    },
    "7": {
      "mean": 42.13981640835603,
      "std": 173.59096908845788,
      "cv": 4.119404968599626,
      "count": 180
    },
    "8": {
      "mean": 48.86132632640915,
      "std": 115.66278420575918,
      "cv": 2.3671642360482625,
      "count": 180
    }
  },
  "measured_cv": 0.44145568707859467,
  "target_cv": 0.15,
  "confidence": "NOT CONFIRMED",
  "total_files": 48,
  "test_duration": 0.5705649852752686
}