{
  "pure_cache": {
    "cold_flat": {
      "mean": 50.29676171640555,
      "cv": 2.5268064107963744
    },
    "warm_flat": {
      "mean": 24.834832972070824,
      "cv": 0.3768210457327138
    }
  },
  "pure_directory": {
    "mean": 136.99169372557662,
    "cv": 2.9089694606497996
  },
  "combined_effect": {
    "mean": 19.682832983865712,
    "cv": 0.48696161179850667
  },
  "layer_analysis": {
    "layer_0": {
      "mean": 17.81896552226196,
      "cv": 0.15353638467635844,
      "depth": 0
    },
    "layer_1": {
      "mean": 15.761986142024398,
      "cv": 0.7299111427024836,
      "depth": 1
    },
    "layer_2": {
      "mean": 15.926617391717931,
      "cv": 0.37536516395279024,
      "depth": 2
    },
    "layer_3": {
      "mean": 14.138584956526756,
      "cv": 0.08476721838633647,
      "depth": 3
    },
    "layer_4": {
      "mean": 15.724123028727869,
      "cv": 0.5392745141672451,
      "depth": 4
    },
    "layer_5": {
      "mean": 15.546220820397139,
      "cv": 0.24535404114048717,
      "depth": 5
    },
    "layer_6": {
      "mean": 23.65231766210248,
      "cv": 0.8467427205386561,
      "depth": 6
    },
    "layer_7": {
      "mean": 17.738407865787547,
      "cv": 0.7052639056382323,
      "depth": 7
    }
  },
  "access_patterns": {
    "depth_first": {
      "mean": 89.95549311900201,
      "cv": 7.970174433383174
    },
    "breadth_first": {
      "mean": 15.950269456273722,
      "cv": 1.8244603135318893
    }
  }
}