{
  "timestamp": 1748814608.6913369,
  "test_configuration": {
    "base_path": "ssd_crystal_test",
    "structures_tested": [
      "random",
      "crystallographic",
      "fractal",
      "linear"
    ]
  },
  "raw_results": {
    "crystallographic_geometric": {
      "mean_access_time_us": 120.71252218447626,
      "median_access_time_us": 111.58298002555966,
      "stdev_access_time_us": 27.2473749130813,
      "min_access_time_us": 90.99999442696571,
      "max_access_time_us": 253.91700910404325,
      "total_time_sec": 0.006090458016842604,
      "files_accessed": 50,
      "throughput_files_per_sec": 8209.563198979384,
      "access_times_raw": [
        253.91700910404325,
        163.87499636039138,
        143.33397848531604,
        120.6250162795186,
        141.08396135270596,
        148.20904470980167,
        136.5830539725721,
        109.54204481095076,
        115.75000826269388,
        141.25002780929208,
        143.91698641702533,
        111.37494584545493,
        110.417022369802,
        106.33299825713038,
        107.20797581598163,
        104.16703298687935,
        108.16700523719192,
        118.1670231744647,
        107.3340536095202,
        103.4580054692924,
        111.7910142056644,
        103.25002949684858,
        108.91602141782641,
        101.0000123642385,
        101.16602061316371,
        102.87499753758311,
        101.707992143929,
        110.49996828660369,
        123.0000052601099,
        123.25000716373324,
        124.83395403251052,
        123.7079850398004,
        130.29202818870544,
        98.7909734249115,
        101.50001617148519,
        99.70797691494226,
        100.16700252890587,
        104.41697668284178,
        104.29101530462503,
        112.54096170887351,
        184.12497593089938,
        120.91599637642503,
        124.58302080631256,
        119.3339703604579,
        92.6670036278665,
        90.99999442696571,
        117.6249934360385,
        142.37500727176666,
        156.16696327924728,
        104.41703489050269
      ]
    },
    "crystallographic_random": {
      "mean_access_time_us": 23.046660935506225,
      "median_access_time_us": 21.812476916238666,
      "stdev_access_time_us": 4.179492736839469,
      "min_access_time_us": 17.833022866398096,
      "max_access_time_us": 42.000028770416975,
      "total_time_sec": 0.0011885410058312118,
      "files_accessed": 50,
      "throughput_files_per_sec": 42068.38447701033,
      "access_times_raw": [
        24.75001383572817,
        29.62502185255289,
        23.16600875928998,
        24.124979972839355,
        26.2079993262887,
        28.45900598913431,
        29.7910301014781,
        42.000028770416975,
        22.083986550569534,
        23.416010662913322,
        23.707980290055275,
        28.66698196157813,
        33.54198997840285,
        20.709005184471607,
        20.083971321582794,
        21.12501533702016,
        23.917004000395536,
        24.41700780764222,
        20.58298559859395,
        21.832995116710663,
        21.20796125382185,
        21.79195871576667,
        22.208027075976133,
        20.459003280848265,
        19.79200169444084,
        17.95799471437931,
        21.41698496416211,
        26.333029381930828,
        21.082989405840635,
        20.74998337775469,
        21.166051737964153,
        22.625026758760214,
        25.874993298202753,
        21.16698306053877,
        19.708008039742708,
        18.99997005239129,
        21.958956494927406,
        23.79197394475341,
        22.332998923957348,
        20.584033336490393,
        21.499989088624716,
        21.291023585945368,
        23.458036594092846,
        17.833022866398096,
        20.70801565423608,
        20.499981474131346,
        21.16698306053877,
        22.70803088322282,
        18.833030480891466,
        20.916981156915426
      ]
    },
    "random_geometric": {
      "mean_access_time_us": 165.83245829679072,
      "median_access_time_us": 159.79146701283753,
      "stdev_access_time_us": 34.84998698047592,
      "min_access_time_us": 114.91595068946481,
      "max_access_time_us": 262.0000159367919,
      "total_time_sec": 0.008385874971281737,
      "files_accessed": 50,
      "throughput_files_per_sec": 5962.40704413433,
      "access_times_raw": [
        235.74999067932367,
        207.79197802767158,
        174.29201398044825,
        141.95800758898258,
        253.1250356696546,
        166.12501349300146,
        169.00000628083944,
        132.91701907292008,
        157.79200475662947,
        122.12496949359775,
        141.08297182247043,
        114.91595068946481,
        138.25000496581197,
        136.54096983373165,
        139.91701416671276,
        149.41702829673886,
        155.29198572039604,
        176.37497512623668,
        187.54100892692804,
        262.0000159367919,
        159.62496399879456,
        162.00001118704677,
        226.33298067376018,
        235.08298909291625,
        181.54195277020335,
        178.79100050777197,
        177.33301501721144,
        137.54097744822502,
        173.62501239404082,
        155.0000160932541,
        254.58296295255423,
        160.4580320417881,
        170.75001960620284,
        125.2919901162386,
        159.9579700268805,
        164.5419979467988,
        168.8330085016787,
        154.5000122860074,
        181.95895245298743,
        140.29204612597823,
        140.70799807086587,
        142.0829794369638,
        140.50002209842205,
        161.41700325533748,
        165.95801571384072,
        126.75003381446004,
        143.66698451340199,
        152.2080274298787,
        151.83398500084877,
        136.24998973682523
      ]
    },
    "random_random": {
      "mean_access_time_us": 18.11496214941144,
      "median_access_time_us": 17.91701652109623,
      "stdev_access_time_us": 2.016510595400514,
      "min_access_time_us": 15.583005733788013,
      "max_access_time_us": 29.499991796910763,
      "total_time_sec": 0.0009377499809488654,
      "files_accessed": 50,
      "throughput_files_per_sec": 53319.11598591272,
      "access_times_raw": [
        29.499991796910763,
        18.95800232887268,
        16.99995482340455,
        18.459046259522438,
        17.08301715552807,
        19.166036508977413,
        18.041988369077444,
        21.458021365106106,
        16.208039596676826,
        17.54198456183076,
        17.707992810755968,
        18.833030480891466,
        16.833015251904726,
        15.625031664967537,
        16.91700890660286,
        18.58297036960721,
        17.832964658737183,
        17.9160269908607,
        18.250022549182177,
        17.91701652109623,
        19.832979887723923,
        18.12499249354005,
        17.75001874193549,
        17.207989003509283,
        19.33303428813815,
        19.499973859637976,
        18.458988051861525,
        17.417012713849545,
        16.33400097489357,
        16.959034837782383,
        19.167026039212942,
        16.832957044243813,
        16.12497726455331,
        16.457983292639256,
        18.583028577268124,
        18.749968148767948,
        18.37499439716339,
        17.915968783199787,
        15.583005733788013,
        18.874998204410076,
        19.291997887194157,
        17.91701652109623,
        16.707985196262598,
        15.91700129210949,
        18.624996300786734,
        18.333957996219397,
        18.042046576738358,
        17.375044990330935,
        17.290993127971888,
        18.832972273230553
      ]
    }
  }
}